{"products":[{"id":"0.5423722501228532","qty":2}],"totalPrice":59.99999999999999}